car_model,car_year,car_vin,price,country,color
Navajo,1993,5N1AN0NW3FN831146,"€17051,31",Russia,Teal
Galant,2007,3C3CFFCRXET113123,"€41685,64",Philippines,Aquamarine
8 Series,1993,KNAFT4A23A5926340,"€12247,81",Indonesia,Green
Aviator,2003,WBADS43451G108816,"€18225,61",Philippines,Red
Passat,1994,5GTMNGEE7A8794605,"€31162,63",Indonesia,Khaki
CL-Class,2000,1C3BCBFG3CN662828,"€47194,52",Argentina,Yellow
Miata MX-5,2001,WBAVC73517A176456,"€5797,54",Honduras,Turquoise
XF,2009,KMHEC4A43FA889123,"€29423,85",China,Pink
Grand Vitara,2007,SALAG2D47DA255844,"€30444,60",Indonesia,Mauv
Xterra,2007,2HNYD18601H534922,"€58507,65",China,Puce
Uplander,2006,3D7JV1EP6AG863843,"€56638,22",Sweden,Khaki
Bravada,2001,1G6KD54Y35U079743,"€57911,15",Cameroon,Blue
Sierra 3500,2009,1GT010CG0CF086675,"€12645,23",Malaysia,Red
Civic,2011,WAUCKAFR3AA463150,"€15682,14",Egypt,Pink
Viper,2004,1GD312CG6CF301755,"€8162,75",Poland,Turquoise
Freelander,2008,JH4DC53855S624586,"€33949,57",Philippines,Orange
S80,1999,1N6AF0LXXEN114767,"€36493,82",Morocco,Pink
4Runner,2002,3C6JD6DT8CG367462,"€46634,00",Indonesia,Orange
Legend,1995,1FMEU8FE1AU752370,"€45056,82",Morocco,Pink
Q7,2009,SCFAB22381K694607,"€54082,80",Chad,Maroon
Savana 1500,2012,1J4NF1GB9BD109774,"€48424,35",Peru,Purple
Echo,2003,1G6DM57N630753544,"€24669,13",Philippines,Blue
XJ,2006,KNDJT2A15A7269361,"€16017,36",Indonesia,Maroon
Journey,2009,SCBCU7ZA5AC792283,"€23791,68",Argentina,Blue
Probe,1997,JN8CS1MU9DM156339,"€4412,30",United States,Pink
2500 Club Coupe,1995,SCBDC4BL5AC491529,"€57727,62",Czech Republic,Green
RX,2013,19XFB4F24FE950480,"€14640,98",Colombia,Teal
X5,2011,4USBT53545L650339,"€53903,03",Russia,Aquamarine
240SX,1993,3VWML7AJ0BM535433,"€28592,95",China,Indigo
Cavalier,1992,SCFHDDAT4EG161944,"€31032,26",Ukraine,Purple
Contour,1995,1GKKRNED6CJ956996,"€23026,21",Dominican Republic,Goldenrod
Jetta,2012,WBAYB6C5XFD487293,"€34522,96",Brazil,Crimson
RL,2002,WAUXL58E35A830487,"€53620,11",Chile,Fuscia
NSX,2003,WAUDFAFL3BN033164,"€47166,13",China,Indigo
F250,1999,WBAYE8C54FD418408,"€35011,46",Indonesia,Crimson
960,1993,WBAKG7C56DJ972476,"€14763,51",Jamaica,Khaki
Century,2005,4T1BK1EB6FU981774,"€30077,47",Albania,Crimson
Dakota Club,2003,1J4AA2D13AL465883,"€11109,34",Philippines,Goldenrod
Mulsanne,2011,WA1FFCFS5FR583781,"€30639,02",Saudi Arabia,Aquamarine
Safari,2005,5J6TF2H57DL623296,"€26191,96",Greece,Orange
Regency,1998,WA1WMBFE3BD797282,"€58400,66",Philippines,Teal
Sable,1987,WBA3V5C56EP519987,"€27784,39",Brazil,Aquamarine
Avenger,2008,WAUJT68EX4A345905,"€11875,01",China,Pink
S4,2011,5N1AT2MK2EC422467,"€46952,46",China,Teal
Mountaineer,2001,SAJWA6AT2F8667568,"€49641,59",Netherlands,Orange
Windstar,2003,WBACN53491L930132,"€29323,74",China,Yellow
Cooper,2007,WP0AB2A96FS942039,"€30397,58",China,Aquamarine
Intrigue,1998,ZFBCFADH7EZ561948,"€21998,91",Argentina,Goldenrod
SC,1996,WAUXD68D92A703944,"€58835,12",Indonesia,Fuscia
Odyssey,1998,WAULC58E05A148472,"€8859,37",Philippines,Pink
Marquis,1984,5J8TB3H56FL059667,"€21799,94",Indonesia,Teal
IS F,2009,WBA3B5C51DP743000,"€26277,60",Philippines,Indigo
Tracer,1994,JN8AE2KP6E9798362,"€12211,27",China,Fuscia
Civic,1996,JM3TB2BA1C0556242,"€10305,78",United States,Puce
IS,2012,KNDJT2A13A7229117,"€25336,10",Indonesia,Blue
Tacoma Xtra,2000,WBAKG1C50CJ717320,"€6109,71",Philippines,Purple
Baja,2003,WA1LMBFE6BD185659,"€55787,49",Philippines,Goldenrod
Venture,2000,WA1CGAFE9BD864343,"€14720,48",Philippines,Red
CL65 AMG,2009,SALFR2BG4EH813011,"€17858,29",China,Purple
7 Series,2009,5TDBK3EH2DS315808,"€40337,54",Indonesia,Fuscia
Civic Si,2006,3VWJX7AJ1AM535673,"€30513,00",Honduras,Fuscia
Firebird,2000,5N1AT2ML5FC066963,"€9894,79",Indonesia,Purple
JX,2013,WAULFAFR5BA884020,"€58065,45",Thailand,Blue
Esteem,1997,JH4DC54823C621375,"€57436,08",Vietnam,Khaki
Lucerne,2006,3VW4T7AT0EM640785,"€56666,90",Pakistan,Orange
Crossfire Roadster,2006,19XFB2E28CE260345,"€24290,12",South Korea,Aquamarine
Escalade,2011,SAJWJ0FF7F8118335,"€48543,62",China,Violet
240SX,1998,3MZBM1L70EM750334,"€8177,80",Niger,Maroon
Tundra,2001,WBAVM1C51EV612285,"€29365,23",China,Teal
Outlander,2008,WAULD54B02N414344,"€28621,37",Thailand,Maroon
RS6,2003,1G6DF577490966027,"€22772,51",Albania,Mauv
Century,1988,5UXFG8C51AL320907,"€33031,35",Luxembourg,Fuscia
Suburban 2500,2000,SCFKDCEPXEG825113,"€24904,92",Sweden,Puce
F250,2003,5N1AZ2MH5FN762706,"€47207,55",Philippines,Green
98,1995,1G4GF5G39FF620700,"€9431,64",Nigeria,Crimson
VS Commodore,1996,WP0AB2A86FK293253,"€46132,96",Chile,Indigo
XK,2006,WBSBL93456P739585,"€39387,92",Indonesia,Orange
GL-Class,2007,2G4GT5GV1C9284412,"€25234,85",Brazil,Red
Trooper,1995,WA1EY74L68D222973,"€5488,98",Indonesia,Khaki
Odyssey,2008,JN8AZ1MU4EW906917,"€30325,60",Norway,Violet
EX,2011,WAUSH78E47A421117,"€58079,97",Kazakhstan,Green
Concorde,2004,WAUJT64B22N577190,"€24953,70",Bangladesh,Pink
M6,2006,JH4DC53806S466515,"€48826,21",China,Purple
STS-V,2009,WAUDV94F08N728600,"€33898,82",Czech Republic,Purple
Dakota Club,2005,WVGAV7AX9CW716547,"€25742,23",China,Purple
3500,1999,JM1NC2EF3A0081213,"€23401,98",Indonesia,Blue
S2000,2005,JM3TB2BV3D0123882,"€48340,86",China,Violet
9000,1990,5FRYD3H69FB660130,"€57762,14",China,Turquoise
V50,2005,WAUSVAFA3AN421289,"€44061,75",Colombia,Khaki
Neon,1999,WAUWGBFB9BN092156,"€47442,31",France,Mauv
430,1991,WVGAK7A97AD112045,"€5076,63",Indonesia,Yellow
riolet,1994,3GYVKNEF8AG526278,"€27677,58",Philippines,Turquoise
V8,1991,JHMZF1C69ES787875,"€14296,25",Poland,Orange
TT,2001,WBA3N7C51FK266412,"€18380,05",Brazil,Red
Sportvan G10,1993,JH4DC53006S688062,"€40793,51",Lebanon,Indigo
Grand Prix,1972,4USFE43557L347658,"€6621,63",United States,Crimson
RX,2002,WP0AA2A96CS256775,"€17380,37",France,Orange
Corvette,2002,1G4HJ5EM3AU958225,"€9132,84",Vietnam,Mauv
Laser,1994,JN8AF5MV1FT792371,"€52767,31",Poland,Blue
Aveo,2004,WA1VMAFE6AD628345,"€24323,43",China,Khaki
Grand Prix,2002,1GD11ZCG9CF051363,"€33888,85",Sweden,Violet
911,1990,1G6DL8E36D0485960,"€20135,41",Netherlands,Teal
Avenger,2009,4T1BD1EB4EU955814,"€49177,48",Russia,Pink
Q5,2010,WVGEG9BP4CD425276,"€46401,32",Benin,Indigo
Previa,1996,1G6DS8EV3A0674517,"€36195,18",Brazil,Blue
Insight,2011,3D73M3CL1BG297728,"€17796,50",Jordan,Purple
Murano,2003,JTDKTUD34ED700227,"€59960,39",Indonesia,Fuscia
Accent,2010,KNAFT4A27B5145029,"€54753,17",Poland,Yellow
Grand Marquis,2004,WBA4B3C50FG816191,"€6415,72",China,Khaki
Viper,1992,1FTEW1CF0FK545006,"€52781,10",Indonesia,Crimson
S40,2006,WBA3T3C57FP896596,"€6244,92",Indonesia,Turquoise
Torino,1970,4JGDA2EB8CA506884,"€15319,04",China,Indigo
RL,2003,WAUSF78E96A119021,"€40455,25",Thailand,Aquamarine
Accord,2002,1FTSW2A52AE331693,"€35219,93",Sweden,Crimson
Jetta,1988,1C3BC4FB2BN239799,"€35115,61",Thailand,Crimson
Ram 2500,2006,2FMDK3GC1BB207021,"€21865,57",Slovenia,Red
Elantra,2011,WBA4C9C52FD107327,"€57529,52",Poland,Violet
ZDX,2010,3VW1K7AJ9EM137504,"€20239,68",Namibia,Blue
Genesis Coupe,2011,5TDDCRFH5FS435533,"€21589,20",Vietnam,Green
Cabriolet,1987,YV4952CT4D1935819,"€55402,99",China,Turquoise
Escalade ESV,2006,WBA3B3C52FJ056439,"€17457,69",China,Yellow
Tredia,1985,WBALM7C55AE889252,"€48864,35",Russia,Indigo
Cooper,2006,WBAYP5C54ED261258,"€31123,56",Canada,Turquoise
Protege,1995,TRUDD38J481911514,"€59603,48",Philippines,Fuscia
APV,1993,1NXBU4EE0AZ623407,"€36149,40",Russia,Turquoise
Colt,1994,1G4HD57286U048077,"€13938,51",France,Crimson
Taurus,1988,2G4GR5GX8E9441632,"€28702,20",Yemen,Indigo
ES,2012,SCFEDCAD8AG192100,"€10700,95",China,Red
Safari,2005,WAULT68E95A065208,"€5814,25",China,Turquoise
Bronco,1990,1GYUCDEF9AR951026,"€27414,08",Poland,Yellow
Eldorado,1995,1GYS4GEF3CR264794,"€25475,22",China,Purple
Mazdaspeed 3,2008,3D7JB1EK4AG486006,"€53171,20",Costa Rica,Red
Pajero,1999,5BZBF0AA7FN913476,"€20438,22",Tanzania,Puce
Jetta,1989,SCFFDCCD5CG562472,"€51167,35",Portugal,Goldenrod
Neon,1999,KMHFG4JGXCA661408,"€14054,75",China,Red
G6,2006,3N6CM0KN1FK337267,"€27796,38",Norway,Mauv
Ram,2009,JM1NC2JF0C0889527,"€7510,77",Ukraine,Orange
LTD,1984,1FMCU4K37AK143803,"€9334,31",Philippines,Pink
Tundra,2005,JH4NA12653T779116,"€49335,37",Russia,Blue
Challenger,2002,1FTEX1EW0AK112014,"€12739,16",Cambodia,Aquamarine
458 Italia,2010,WAUGGBFC7DN575516,"€42276,02",Germany,Green
Verona,2005,WBA4C9C50FG301529,"€53010,17",Russia,Pink
XC60,2011,JN1CV6AP5CM389599,"€27094,71",Argentina,Mauv
Esprit,1988,55SWF4JB2FU674112,"€39061,67",China,Yellow
Grand Prix,1989,WBA5M4C55ED115487,"€31891,46",Philippines,Turquoise
B-Series,2007,5GAKVAEDXBJ173969,"€37051,10",Laos,Aquamarine
Versa,2010,3C6TD5PT7CG315979,"€24072,24",Morocco,Red
IS,2005,WAULFAFH7CN650852,"€19903,40",Poland,Yellow
Quattro,1992,WAUDFAFL7DA874057,"€53229,85",China,Mauv
Lucerne,2010,3C63DPKL9CG996844,"€34123,41",Uzbekistan,Mauv
Explorer Sport Trac,2007,WAUKF98E48A160252,"€29813,99",Namibia,Mauv
Intrepid,1997,3C6JD6BP3CG976240,"€13923,40",China,Yellow
IPL G,2012,5UXFA93546L143039,"€48195,74",Philippines,Purple
i-Series,2007,WA1MKBFP7AA083296,"€22462,84",China,Khaki
Mighty Max,1986,WAUBF98E18A922310,"€4971,10",Honduras,Indigo
LeBaron,1994,1N6AF0KY2FN578583,"€48756,37",Philippines,Crimson
Silverado,2007,1N6AD0CW8EN437244,"€21384,03",Kazakhstan,Red
CTS,2008,WAUVC68E64A588418,"€19466,37",Colombia,Teal
RS 4,2008,WA1LMAFE1DD077866,"€10909,70",Thailand,Maroon
Yukon XL 2500,2010,2C3CCAST8CH635408,"€23540,53",China,Crimson
Corvette,1998,YV4852CT3A1997669,"€47420,69",China,Yellow
Voyager,1996,SCFFDCCD5CG903269,"€37428,18",Indonesia,Teal
Prelude,1985,1N6AF0KY8EN078071,"€50978,32",Thailand,Orange
Imperial,1992,3GYFK66NX6G208587,"€15556,62",Peru,Orange
Patriot,2011,1GD312CG8BF153249,"€26131,81",China,Goldenrod
Diablo,2001,55SWF4JB3FU574259,"€30580,88",Indonesia,Blue
Patriot,2009,WBA4A9C58FG129790,"€19687,63",Indonesia,Mauv
LTD,1986,WA1GFCFS2FR445801,"€20341,51",Maldives,Pink
Jimmy,2001,WBAEK73454B558778,"€37433,68",China,Maroon
S10,1998,WAUDT74F45N952605,"€49707,02",Iran,Crimson
Altima,2010,2T1KU4EE9CC673758,"€33837,97",China,Green
F-Series,2009,1G6DD1E36E0152177,"€19412,81",Philippines,Purple
Oasis,1996,KMHDB8AE2CU512839,"€33056,68",Indonesia,Fuscia
XT,1989,1FBSS3BL2AD939092,"€21676,70",Brazil,Fuscia
SLS-Class,2012,SAJWA6BU4F8997297,"€30115,15",Poland,Crimson
S4,2001,4JGBB9FBXBA613185,"€31689,83",China,Khaki
2500,1992,1FTNX2A57AE673988,"€31950,29",China,Puce
SL-Class,1997,4T1BD1FK1CU573171,"€43147,93",Argentina,Violet
Rodeo,1994,1N6AA0ED9FN258801,"€16990,69",Brazil,Purple
300M,2001,1GYFC532X9R043551,"€18756,92",China,Turquoise
Galant,1986,1FTWF3D56AE702518,"€23673,00",Greece,Goldenrod
SC,2000,1HGCR2E54FA746295,"€55708,50",Democratic Republic of the Congo,Red
5 Series,2000,WAUKF98E86A094320,"€54791,80",France,Mauv
C70,2003,5FNRL5H23CB700229,"€23146,50",United States,Purple
Xterra,2003,1FTFW1E80AF395936,"€10548,96",Indonesia,Crimson
Vanquish S,2005,5J6TF3H33CL614131,"€18663,38",Indonesia,Pink
T100,1998,3VW4T7ATXEM611505,"€12207,61",China,Teal
Firebird,1968,1G4HB5EM1AU500034,"€21275,32",Sweden,Pink
Suburban 2500,1998,2G4WD532X51393408,"€12318,96",Malaysia,Yellow
62,2005,3D4PG9FG6BT251150,"€39422,16",Indonesia,Teal
Five Hundred,2007,SCFAB01A18G823126,"€25582,10",Czech Republic,Teal
Town Car,2002,KM8JT3AF1EU653187,"€46917,91",Brazil,Red
STS,2011,WAUHGAFC0EN393690,"€24542,49",Indonesia,Purple
Monte Carlo,2002,19XFA1E83BE070288,"€13217,37",China,Purple
Supra,1992,1FTEW1E80AK557275,"€24366,52",China,Mauv
M-Class,2006,WAUAKAFB3BN760696,"€27849,86",Thailand,Teal
S10,2001,1GD12XEG6FF969512,"€42831,12",United States,Violet
Camaro,1998,WBABW53485P642061,"€27244,38",Poland,Violet
G37,2010,WBAET37495N490288,"€7569,01",Indonesia,Fuscia
Astra,2008,2G4GL5EX9E9660863,"€4430,09",Czech Republic,Yellow
Carens,2007,JTHFE2C28F2997099,"€25492,78",India,Yellow
Probe,1996,4T1BK1EB9EU991276,"€18753,14",Sweden,Violet
Impala,2011,1D7RV1GT2BS889203,"€10321,44",Indonesia,Green
Monza,1975,WBSBR93475P087159,"€44822,02",China,Turquoise
SVX,1992,JN1CV6AP9BM274258,"€40985,35",Croatia,Blue
Navajo,1992,WBAET37413N308001,"€56326,61",South Africa,Indigo
Pajero,2005,3VW507AT6EM710786,"€34877,14",Bangladesh,Goldenrod
Alcyone SVX,1996,WA1UFAFL3EA408205,"€18891,56",France,Indigo
G,2000,JTHKD5BH2B2090870,"€42342,94",Philippines,Crimson
Canyon,2010,WAUBFAFL7CN161738,"€42175,69",Russia,Aquamarine
LeSabre,1989,1C4PJLAK9CW449935,"€54399,89",Indonesia,Goldenrod
Durango,2004,1G6YV34A145273176,"€15516,58",Croatia,Aquamarine
Monte Carlo,1973,W04GZ5GV6B1559143,"€10117,91",Indonesia,Purple
Grand Caravan,1999,WA1YD64B83N486452,"€43257,31",Indonesia,Teal
Grand Vitara,2005,3D73Y4HLXBG554887,"€30546,47",China,Violet
Aerostar,1989,2FMPK3J90FB681980,"€30937,95",Mexico,Mauv
Leganza,2000,WAUMF98P76A389564,"€17361,20",Indonesia,Fuscia
Outlander,2011,WBAGN83535D066769,"€45801,24",Czech Republic,Khaki
Mark VIII,1998,1G6DV5EP6B0359753,"€40567,16",Cameroon,Mauv
Econoline E250,1999,WAUPL68E95A293226,"€12912,06",Russia,Pink
Express 1500,2006,19XFB4F3XEE666259,"€6930,25",France,Violet
98,1994,YV1902FH1D1074618,"€33221,20",Croatia,Goldenrod
XC90,2006,1G6AV5S88E0734482,"€46360,93",Burkina Faso,Indigo
Skylark,1993,W04GP5ECXB1122902,"€51128,39",Portugal,Aquamarine
Avalon,2002,1GD22ZCG8CZ576723,"€29293,21",Colombia,Aquamarine
SL-Class,1987,WBABV13424J833682,"€9621,63",South Africa,Indigo
Astro,2002,WBA3B9C53DF123665,"€30246,41",Russia,Goldenrod
G-Series 2500,1997,1C4RDJEG6DC855426,"€50035,63",China,Maroon
5 Series,2009,WAUHFAFL8CA714530,"€52257,86",Georgia,Crimson
Tempo,1989,WBABN53462P779210,"€14120,31",Indonesia,Fuscia
Frontier,2007,1VWAH7A33CC424416,"€10651,67",United States,Indigo
G-Series G20,1995,JH4KB16637C814946,"€7026,56",Brazil,Khaki
Colt Vista,1994,JN1CV6EK4CM079913,"€45363,64",Sweden,Blue
CR-X,1984,3C3CFFCR1FT905971,"€48795,36",Philippines,Purple
Legacy,2006,3D4PG6FVXAT206174,"€8849,08",Kenya,Orange
H1,1996,WBALL5C55CJ979521,"€30170,67",Brazil,Violet
New Beetle,2012,KL4CJHSB8EB984107,"€38171,17",China,Blue
Rogue,2008,WAUKF78E78A428540,"€21486,11",El Salvador,Mauv
Avalon,2012,WAUDK78T39A811508,"€33129,96",Bulgaria,Yellow
GX,2012,KMHHU6KJ2FU576413,"€42660,70",Indonesia,Yellow
Chariot,1995,1G4GA5ERXCF811172,"€54595,77",Netherlands,Green
Rabbit,2007,3G5DA03L26S844814,"€15623,41",Russia,Green
DeVille,2000,WUARL48H17K632863,"€8414,92",Poland,Crimson
300E,1993,1G4GA5GR0CF505269,"€14824,66",Indonesia,Turquoise
Navigator,2010,1D7RW2BK1BS737124,"€44619,90",Venezuela,Goldenrod
Ranger,1987,WBAFU9C59DD943199,"€45853,73",China,Yellow
Excursion,2005,5GAKRBKD1EJ288916,"€55362,27",Ukraine,Pink
Century,1997,KMHCM3AC0AU611972,"€22878,96",Indonesia,Red
Camaro,1975,1J4NF1FB6AD079665,"€25456,82",Indonesia,Green
Camaro,1982,WVWAN7AN9EE784908,"€57460,32",Russia,Khaki
Impala,2006,WBAPM7G51AN504779,"€19421,74",United States,Violet
Accord,1991,1GYFK26289R680743,"€43971,44",Philippines,Purple
Escalade EXT,2007,1G6DL1E37D0849097,"€55082,88",China,Khaki
Durango,1998,WBABN33473P740583,"€44168,34",China,Goldenrod
Accord,1996,WAUCH74F79N508346,"€25264,48",Indonesia,Purple
Grand Voyager,2000,1GYS4EEJ4CR930179,"€31151,29",China,Indigo
M3,2002,1FAHP2D87DG202895,"€48046,48",United States,Pink
Eclipse,2002,4A4JM2AS1BE561231,"€57631,15",Portugal,Mauv
Ranger,2003,19UUA76607A642713,"€20427,61",China,Fuscia
L-Series,2005,19UUA9F71CA479701,"€50741,81",Indonesia,Indigo
V40,2003,2B3CJ4DG3BH577985,"€48707,25",Finland,Violet
Impala,2001,JTHBL5EF5D5333697,"€46945,59",Peru,Crimson
Camry Solara,2007,1FTSF3B53AE179928,"€24378,74",Kazakhstan,Mauv
S-Class,2004,1G6AH5S39D0832267,"€40261,68",Portugal,Turquoise
A6,2006,1C6RD7PTXCS727991,"€7618,91",Canada,Yellow
Laser,1991,3G5DB03L36S862395,"€28527,71",Bangladesh,Goldenrod
Camaro,1994,WAUHF78P88A443446,"€57530,60",United States,Puce
Ram 3500,1997,WAUPL68E35A023201,"€13108,65",Thailand,Puce
Caliber,2011,5N1BA0NE2FN876943,"€40237,33",China,Turquoise
Montego,2007,5TDBW5G18AS934134,"€42689,43",Russia,Yellow
Tacoma Xtra,2004,TRUUT28N051848147,"€28431,98",Colombia,Teal
E350,2003,1GYS3AEF4CR468228,"€15165,71",China,Fuscia
Grand Marquis,1987,2C4RDGBG7FR903520,"€47088,02",Ukraine,Fuscia
3 Series,1997,SALAB2D44AA865761,"€36979,70",Nigeria,Blue
Clubman,2012,WAULC68E65A990576,"€53911,40",Afghanistan,Khaki
Firefly,1992,2HNYD18725H819717,"€11959,58",Indonesia,Pink
Corvette,1966,3GYT4LEF5BG529131,"€10380,57",France,Fuscia
545,2005,2G4WD582761670056,"€18578,78",China,Blue
GS,1997,1G6DK1E34C0879112,"€6662,34",Sweden,Orange
X6,2011,JN1AZ4EH0FM096264,"€27102,38",Indonesia,Goldenrod
300M,2000,2G61S5S36D9231423,"€10924,61",China,Red
Range Rover,1987,JTEBC3EH7C2391961,"€54846,02",Thailand,Pink
Continental,2000,WBAKF3C56CJ453941,"€40990,57",United States,Orange
Continental GT,2012,1GYEE437090529947,"€44040,72",Niue,Orange
Durango,2006,1G6DU6EV2A0017495,"€31172,17",China,Violet
GranTurismo,2012,SALSF2D45AA037971,"€57068,27",China,Green
Acclaim,1995,JN1CV6FE9CM258666,"€5179,33",Palestinian Territory,Goldenrod
Chariot,1989,WBAKG7C54DJ950279,"€17804,11",Brazil,Yellow
MPV,1991,1GKS2FEJ4CR649196,"€6120,80",United States,Indigo
NSX,1999,WAURGAFD9DN994060,"€30775,34",Philippines,Indigo
Yukon XL 1500,2010,1C3BC4EB5AN744557,"€9621,55",Kenya,Mauv
Wrangler,2005,3C63DPAL3CG698789,"€4132,86",Indonesia,Fuscia
RX-7,1988,JTEBU4BF0BK234969,"€53211,83",Brazil,Turquoise
911,2004,1YVHZ8AH7A5040019,"€30316,38",Indonesia,Khaki
Camry,2002,WBAKC8C57AC640581,"€53712,36",China,Aquamarine
V8,1990,1G6DW677850599942,"€16950,79",Sweden,Maroon
Altima,1994,JHMZF1C42CS398815,"€46045,42",China,Aquamarine
Azera,2008,1G6DH5E54D0879040,"€31322,37",Burkina Faso,Yellow
Dakota Club,2007,1FTEW1CM5EF856825,"€56930,14",China,Maroon
Avenger,1999,3D7LT2ETXAG524150,"€38864,69",Japan,Teal
Mazda3,2009,3C3CFFAR1ET049802,"€46847,00",Albania,Pink
Rendezvous,2007,JN8AZ2KR9BT750276,"€42552,06",China,Maroon
Cougar,1997,WAUJGBFC5DN987701,"€53201,34",Canada,Goldenrod
Sorento,2006,SCBDC47L28C099241,"€59009,71",China,Turquoise
2500,1996,5GADT13S652817854,"€30056,39",Jordan,Goldenrod
Ion,2006,1N6AD0CWXEN519024,"€14434,19",Russia,Teal
S6,2011,JTHCL5EF7F5516722,"€53311,17",Latvia,Violet
SL-Class,2012,5TDBKRFH3ES207782,"€46644,59",Poland,Goldenrod
Civic,2008,1G6AB5RA4F0338102,"€37315,04",China,Purple
Z4,2003,WP0AA2A86BU881008,"€10228,86",Kiribati,Puce
Corolla,1994,WDDPK4HA0CF248544,"€22092,59",China,Crimson
Prelude,1985,WAUVT68E25A895053,"€37883,24",China,Khaki
Fifth Ave,1993,WAU4FAFL3BA665198,"€25216,15",Indonesia,Crimson
Yukon,2009,4T1BK1EB3FU007248,"€15474,83",Indonesia,Violet
Axiom,2004,YV4940BZ2D1780457,"€32452,18",Indonesia,Puce
Hemisfear,2007,5FRYD4H25GB235394,"€8441,70",Russia,Mauv
XK Series,2000,WBASP4C59CC697624,"€49771,91",Djibouti,Blue
SRX,2006,SCBCP73W99C514011,"€57571,60",Nigeria,Blue
Wrangler,2000,JH4CL96857C377159,"€35690,65",France,Goldenrod
rio,1999,2T3BF4DV5AW197216,"€53663,09",Indonesia,Crimson
QX,2003,1G6KD57Y52U578504,"€18707,51",Portugal,Maroon
A4,1997,KMHTC6AD9EU134753,"€51926,14",Indonesia,Purple
850,1997,19UUA75548A860731,"€40189,23",China,Pink
1500,2011,WA1WMBFEXBD565875,"€23092,24",Portugal,Green
GTO,1971,WAUFFAFL3AA469592,"€21650,94",China,Mauv
Civic,2011,WBSWD93548P181397,"€6369,59",Vietnam,Turquoise
Express 3500,2000,TRUSX28N021235369,"€25538,47",Brazil,Purple
Galant,2009,1B3CB8HB7AD941341,"€24326,25",Portugal,Goldenrod
Wrangler,1999,YV4852CT1B1996067,"€53603,82",France,Orange
Maxima,1993,WDDHF0EB3EA096788,"€54180,33",Philippines,Khaki
Rio,2003,WBSBL93443J102833,"€40522,50",Cuba,Blue
S4,2000,5UXFF0C51AL602257,"€32554,57",United States,Mauv
Grand Prix,1963,JTJBARBZ9F2730506,"€30087,97",Latvia,Aquamarine
Town & Country,2011,WBA3B3C50FJ684452,"€21383,69",Indonesia,Maroon
S60,2013,JN1AZ4EH7CM386352,"€22859,16",Burkina Faso,Crimson
L-Series,2002,KM8JT3AB7BU148599,"€54314,53",Colombia,Red
Discovery,2011,2G61S5S36D9093589,"€51246,37",Portugal,Teal
Falcon,1967,WAUDH94F27N736297,"€7791,54",Greece,Orange
ES,2000,SCBLE47K69C894095,"€11030,05",Portugal,Red
Grand Am,1993,1G4GG5G36CF186728,"€35706,98",Palestinian Territory,Fuscia
Mulsanne,2012,YV4960BZ3A1931537,"€44500,21",Russia,Pink
Canyon,2012,1FMJK1F52AE341498,"€17934,00",China,Orange
Express 2500,2004,KNADM4A39C6772159,"€25627,63",Nigeria,Puce
Camaro,2012,WAUGFAFR4AA695360,"€17816,57",Honduras,Goldenrod
Golf III,1994,5N1BA0ND8FN556615,"€14487,73",Kenya,Purple
GX,2012,1D7RW2BK1BS256175,"€55962,51",Poland,Yellow
Grand Caravan,1992,4JGBF2FB0AA000373,"€52323,23",Poland,Maroon
Miata MX-5,2010,WBAVB17516N636653,"€30697,36",Portugal,Blue
Yaris,2009,1GYEK63NX2R285356,"€8088,13",France,Mauv
Boxster,2009,5FNRL5H28CB224107,"€31826,64",Botswana,Crimson
Prius,2003,WAUPL58E05A550753,"€5901,91",Poland,Khaki
Fiero,1986,2C3CA1CV8AH107662,"€8818,77",Philippines,Purple
Boxster,2004,WBASN2C52BC259147,"€40055,63",Albania,Goldenrod
FJ Cruiser,2011,WDDHF8JB7DA278075,"€33832,60",Iran,Pink
VUE,2009,2B3CA7CW1AH517065,"€25143,56",Vietnam,Maroon
Gallardo,2010,1G6DP577770976044,"€54766,69",Argentina,Mauv
Ranger,1984,3VW1K7AJ4BM780905,"€22050,92",Vietnam,Crimson
MKZ,2010,1FMJK1F55DE156334,"€7259,69",Iran,Turquoise
Mohave/Borrego,2009,WAULT64B42N126853,"€37394,31",Syria,Teal
Azure,2007,1D7RE5GK0BS110976,"€33840,10",Ukraine,Purple
Thunderbird,1985,WBAYF4C54DD951314,"€14916,13",China,Green
Vandura 1500,1992,WAUKF98E36A465688,"€33328,89",Indonesia,Green
90,1989,2B3CL3CG7BH736528,"€33284,95",Russia,Maroon
Cavalier,1997,3G5DB03E54S873963,"€32559,88",Philippines,Green
2500 Club Coupe,1996,JN1AJ0HP1AM310951,"€45325,52",Russia,Mauv
Miata MX-5,2011,1GD01ZCG2EF738716,"€21300,82",Myanmar,Fuscia
Prius,2009,WAUSF78E27A315190,"€45504,74",Japan,Blue
GS,1994,WBAPM5C54BF142758,"€6968,23",Indonesia,Fuscia
Sunbird,1987,5UXKR0C54E0600175,"€12915,87",Indonesia,Red
XK,2007,WP0AA2A98BS808856,"€25150,58",Colombia,Aquamarine
CTS,2005,4T1BK1EB7FU986983,"€32723,68",Peru,Fuscia
A8,1998,1HGCP2F39BA642186,"€53168,46",Peru,Red
Ram,2011,1C3CDZAB3EN819489,"€33209,45",Mexico,Blue
Jetta,2004,JN1AZ4EH7CM524603,"€10996,96",China,Pink
Mustang,2004,WAUDFAFL3DA673336,"€49779,44",Nigeria,Green
Golf,2000,5GAKVAKD3EJ199080,"€12963,17",Cuba,Yellow
Discovery,2002,1GYUCAEF7AR839954,"€6204,72",Brazil,Turquoise
Town & Country,2004,1FTEW1E89AK201374,"€20724,97",Portugal,Goldenrod
Savana 3500,2011,WBABW33474P865730,"€40495,90",Japan,Yellow
Savana 2500,1998,1FTWW3CY3AE319518,"€32039,25",Russia,Indigo
Expedition,2007,2C3CCAJTXCH572006,"€29841,39",France,Teal
Golf,1999,KMHTC6AD6EU065097,"€44617,26",China,Fuscia
Brat,1984,JTHFE2C25C2058374,"€14476,05",Mexico,Pink
Relay,2005,3VW517AT0FM138614,"€59270,26",Pakistan,Khaki
S-Class,1997,TRUVD38J391641309,"€13403,74",South Africa,Orange
Ram Wagon B150,1994,WAUJC58E62A900887,"€15085,47",Nicaragua,Goldenrod
F250,2007,1G4GG5E32CF655980,"€11644,22",China,Teal
Rodeo,1992,1GYFC56289R158080,"€7597,86",China,Pink
GS,1997,JN8AS5MT4CW935933,"€40089,84",Peru,Turquoise
Colt,1993,JTDJTUD33DD711990,"€30008,76",Portugal,Blue
Mountaineer,2000,WAUDH78E26A432348,"€10014,63",Indonesia,Purple
Century,2004,1G6DV5EP4B0737066,"€10310,31",Portugal,Purple
S5,2012,1FTEX1E86AK728530,"€46428,37",China,Fuscia
S10,1993,WBA3V7C52EJ331448,"€23251,33",China,Puce
G37,2008,3VWPG3AGXAM807922,"€45109,49",Nigeria,Purple
Uplander,2005,1GYS4AEF1DR064205,"€8145,41",Azerbaijan,Khaki
Corolla,2009,5J8TB18218A575380,"€22400,70",France,Fuscia
HHR,2008,1D4PU7GX6AW221425,"€6704,06",China,Teal
Intrepid,2000,WA1LFAFP7EA984300,"€8944,10",Philippines,Khaki
Ciera,1996,1NXBU4EE0AZ366538,"€33054,73",Russia,Teal
Canyon,2010,WBAEU33432K481571,"€16062,65",Russia,Fuscia
Altima,2008,5N1AR2MM7EC711246,"€17254,01",Indonesia,Fuscia
Avalon,2005,JM1CR2W31A0275460,"€5204,52",Indonesia,Puce
EX,2008,KNADH4A39A6512328,"€43305,74",China,Green
Murciélago,2005,1GYS4LKJ6FR979008,"€56393,36",China,Teal
Mirage,2002,1G6DM8ED4B0371605,"€6585,82",Greece,Yellow
Mazda5,2009,WBAPM7C59AE910220,"€38515,26",Palestinian Territory,Indigo
Yaris,2007,SCBLE47K88C585159,"€45338,39",Indonesia,Fuscia
Bronco II,1984,2B3CJ4DV9AH979684,"€28862,86",United States,Purple
Enclave,2012,JM3TB2BV0D0072809,"€51155,65",China,Orange
Roadmaster,1992,19UUA65695A030602,"€24354,97",Indonesia,Blue
H2,2009,JN8AF5MR4CT773389,"€33043,11",Peru,Indigo
CL-Class,2012,WAUBFCFLXCA390630,"€7768,01",Russia,Indigo
i-350,2006,WDDEJ8GB8AA915608,"€14667,72",Netherlands,Indigo
Land Cruiser,2005,5UXWX7C50BL671013,"€6267,83",Brazil,Crimson
Civic,2012,WBADX7C56BE727210,"€15478,77",Nepal,Aquamarine
9-7X,2008,WD3PE7DC0F5818413,"€48339,65",Canada,Purple
300ZX,1995,SCFFDAAE0BG132122,"€33619,54",Poland,Red
Sportage,2009,KMHDB8AEXCU416750,"€54961,81",China,Yellow
R8,2010,1C4SDJCT2CC549971,"€42639,65",Pakistan,Fuscia
Prius,2008,JTHDU1EF9D5047205,"€39979,24",Ukraine,Yellow
Jetta,1988,1FTEW1CM2CF307693,"€47775,83",Poland,Teal
Cutlass,1998,1FBAX2CM0FK903466,"€53018,45",Tanzania,Mauv
300D,1992,4A31K2DF4AE314535,"€42127,43",Philippines,Orange
Sierra 3500,2006,3C3CFFFH0CT856485,"€38538,41",China,Indigo
GTI,1993,3VW467AT4DM899639,"€34347,27",Belarus,Yellow
Dakota,1994,1ZVBP8JS6C5257123,"€25019,91",Indonesia,Green
A5,2012,WA1BV74L08D812081,"€26739,34",Lithuania,Turquoise
F-Series,2002,WBA3B3G59EN007630,"€42947,35",China,Maroon
QX,2003,5NPDH4AE6DH611753,"€17942,98",Mexico,Green
Equinox,2007,2C3CDXGJ3FH078290,"€24247,06",Sweden,Turquoise
Viper,2010,WBAYM1C5XFD144349,"€31649,40",Ukraine,Mauv
CL,1997,1GTN1TEH2FZ308732,"€14250,75",Iran,Yellow
Tahoe,1997,JTDKDTB33C1035278,"€9495,76",Russia,Teal
Sundance,1994,JHMFA3F23AS743659,"€5559,37",Iran,Puce
Expedition,2002,WBSDX9C50CE290152,"€24704,70",Japan,Indigo
Golf,2010,1G6DJ1ED8B0615966,"€24218,40",Brazil,Khaki
Achieva,1994,WAUEV74F07N697503,"€40281,87",China,Indigo
Malibu,1998,WAUFFAFC3DN111910,"€14825,12",United States,Goldenrod
Equator,2011,1GD312CG2BF640415,"€35774,52",Russia,Green
Tacoma,2006,5NPEB4AC9EH213345,"€17707,69",Nigeria,Khaki
Bonneville,1985,1G6AC5S35D0152381,"€43745,02",China,Yellow
SLK-Class,2003,1N6AA0EK7FN166505,"€9471,30",Bosnia and Herzegovina,Aquamarine
Elan,1991,WAUVC68E62A349299,"€31200,13",Philippines,Khaki
LeMans,1968,WBAYF8C52DD643470,"€16053,22",Sudan,Mauv
Tacoma Xtra,1997,1G6KF54901U098893,"€21976,07",Russia,Khaki
Aurora,1996,WVWAP7AN7DE929422,"€5202,72",China,Red
STS,2006,1FMEU6DE0AU617324,"€36818,07",Poland,Purple
SL-Class,1989,JN1CV6EK8CM664641,"€8442,02",Poland,Blue
5000CS Quattro,1986,WP0AA2A86EK505327,"€20706,40",China,Turquoise
Wrangler,1998,1GYS3DEF0CR206501,"€41282,28",China,Indigo
3500,1995,1N6AD0CU7AC256768,"€17849,48",Uzbekistan,Teal
Thunderbird,1986,1VWAH7A31EC329081,"€17537,30",Sweden,Violet
Yukon,1998,JN1CV6EK0AM119434,"€37345,43",China,Red
Century,1999,5N1AN0NUXAC355514,"€27598,68",Honduras,Green
GT350,1969,TRUDD38J281204458,"€24530,79",Philippines,Violet
458 Italia,2010,5J8TB3H53GL756912,"€41517,38",China,Yellow
Grand Caravan,2010,WA1CMBFPXFA783715,"€57660,74",Sweden,Goldenrod
Forester,2004,3GYFNEEY8AS894230,"€26935,03",China,Blue
F150,1997,WAUJC58E82A291611,"€40409,38",China,Green
9-4X,2011,WAUHF68P06A040343,"€4098,27",China,Green
Equinox,2006,1GYS3TKJ8FR301914,"€22972,80",Poland,Aquamarine
F-Series,1985,SCBZK22E92C189113,"€21743,19",Indonesia,Fuscia
XJ,2008,3D7TP2CT1AG551826,"€53546,71",Indonesia,Crimson
Liberty,2002,1FTEW1CF9FK466384,"€11215,38",Belarus,Fuscia
Sierra 3500,2001,WBAFR9C57CC268460,"€50458,52",China,Khaki
TSX,2008,WAUKF78PX9A060129,"€59344,77",Philippines,Pink
Stratus,2003,1FTEX1CM9BK390459,"€49773,85",Philippines,Violet
Veracruz,2007,1G6KE57Y14U632042,"€52215,49",Sweden,Aquamarine
Grand Marquis,1995,JM1NC2JF7D0389897,"€35611,66",Argentina,Violet
6000,1985,1G6DL5EG1A0309444,"€47364,91",China,Maroon
Intrepid,2003,WA1DGBFE5FD360937,"€42459,85",Mongolia,Fuscia
Ipsum,2000,WA1LGAFE4FD548127,"€44306,82",Philippines,Red
Venza,2011,5UXFG83589L471531,"€59219,14",China,Yellow
Suburban 2500,2004,2LMHJ5FK9FB403567,"€14480,80",Vietnam,Crimson
Yukon XL 1500,2000,JN1CV6FE4DM116470,"€41000,04",Croatia,Violet
Ram 2500,2005,1D4PT7GX9BW400899,"€8540,70",Philippines,Blue
Tucson,2006,1N6AF0KYXFN011733,"€36604,35",Vietnam,Orange
Titan,2007,2C3CDYCJ1EH725683,"€11532,11",France,Mauv
323,1992,WAUVT58E04A121585,"€57639,86",Madagascar,Aquamarine
Range Rover,1989,3GYFNKE64BS774567,"€54767,34",Japan,Purple
Santa Fe,2010,WAUBC48H56K607636,"€38068,93",Germany,Maroon
9-3,2000,2C3CK3CVXAH471445,"€33230,73",Czech Republic,Aquamarine
Celica,1984,WBA5M0C5XED290374,"€35559,18",Indonesia,Green
Boxster,2002,KNADH5A33A6274613,"€12432,85",Argentina,Green
DTS,2009,WAUEFBFL3DN223088,"€30686,06",China,Puce
RSX,2003,WAU2GBFC1DN026498,"€32624,72",Malawi,Maroon
M5,1993,4T1BK1EB6EU185038,"€58216,33",Turkmenistan,Maroon
Passport,1999,WBSDX9C56DE220074,"€35214,72",Greece,Turquoise
Bravada,1992,5J6TF1H30CL005017,"€50158,43",New Zealand,Khaki
Arnage,2006,3VW507AT1FM930290,"€6271,56",Ukraine,Mauv
FJ Cruiser,2009,5GADS13S372531644,"€38684,14",Brazil,Blue
C/V,2012,WAUZL64B81N954316,"€38482,57",Canada,Turquoise
del Sol,1994,KMHTC6AD3CU792887,"€13843,02",Kazakhstan,Teal
Grand Prix,1982,3VWPG3AG1AM260443,"€32841,42",Philippines,Teal
Impreza WRX,2011,JTEBU4BF9EK860069,"€58190,29",Croatia,Pink
Express 1500,2006,1FTSW3B52AE000651,"€55012,81",China,Khaki
S70,1998,1C3BCBEB3DN891310,"€12282,33",South Korea,Blue
Lynx,1986,JN1BJ0HR8DM340202,"€48644,69",Brazil,Goldenrod
Envoy XL,2003,5FRYD3H6XFB882286,"€5980,13",Central African Republic,Fuscia
Range Rover,2004,WBA5M0C50ED268335,"€34138,06",Brazil,Green
GX,2005,WVGAV7AX1FW011066,"€42833,69",China,Turquoise
Safari,1992,WAUPEAFM4CA639929,"€56056,87",Iran,Red
300,2008,1N6AA0EJ3FN681038,"€29362,45",China,Maroon
Aveo,2004,5UMCL93472L180999,"€9633,76",China,Khaki
Camaro,1982,SCBDC47L87C675638,"€19758,81",Philippines,Puce
Tempo,1988,5XXGM4A79CG864778,"€32188,35",Ethiopia,Green
S10,2000,SCFAB22363K999882,"€46495,10",Brazil,Puce
Insight,2001,WBAPM77539N973819,"€5777,20",Portugal,Goldenrod
CLS-Class,2009,1GYS3GKJ4FR919321,"€49394,78",United States,Turquoise
Protege,2000,1FTSW3B55AE157557,"€17370,72",Portugal,Green
QX,1998,WAUFFAFMXCA870133,"€43164,19",China,Mauv
RAV4,2006,3D7JV1EP1AG319072,"€20409,98",China,Red
Miata MX-5,2007,1N6AA0EC8EN872714,"€4579,87",Honduras,Turquoise
Envoy,2005,WVGAV7AX4BW184204,"€11462,57",China,Goldenrod
Econoline E150,1995,4USFE43537L047598,"€19207,92",China,Puce
Cabriolet,1985,WP0AA2A80FK345396,"€35969,07",Czech Republic,Mauv
RX-8,2007,3D73Y3HL3BG440272,"€58982,19",Slovenia,Violet
E350,2011,1D7CE3GK4AS773752,"€51752,91",Brazil,Red
Sierra,2007,1FTSW2B57AE156615,"€24438,32",Sweden,Puce
Metro,2000,WAULH54B21N051600,"€55955,96",China,Red
Escalade ESV,2007,2HNYD28558H162548,"€8902,67",Russia,Maroon
Neon,2001,19UUA655X4A057863,"€39535,69",Indonesia,Pink
6 Series,2005,JM1NC2NF9E0889281,"€49047,56",Indonesia,Mauv
SL-Class,1987,5LMJJ2H5XBE542668,"€47945,07",Russia,Aquamarine
Crown Victoria,2003,KMHTC6AD6EU135486,"€57702,81",Croatia,Fuscia
Sonic,2012,SAJWA1C77D8543554,"€45787,54",Brazil,Mauv
xD,2008,1GKS1HE05ER468018,"€37604,60",Russia,Khaki
E-Class,2010,1FMJK1G51EE933267,"€44876,63",China,Red
Club Wagon,1994,JN1CV6AP9BM341375,"€47220,49",Philippines,Aquamarine
Daytona,1984,JHMZE2H3XDS099812,"€58559,99",Belarus,Orange
Town & Country,1999,WA1TFAFL1EA496408,"€46616,08",Brazil,Fuscia
Sierra 1500,2003,5N1AR2MM8EC289259,"€52906,77",Vietnam,Aquamarine
Yukon XL 2500,2004,1GD21XEG0FZ968703,"€7529,67",China,Teal
F250,2002,4F2CY0C71BK652101,"€50551,91",France,Indigo
TrailBlazer,2003,1G6DP57V190820437,"€23445,08",Mauritius,Violet
Colt Vista,1992,1G4HP54KX24269203,"€43050,18",China,Red
Continental Mark VII,1985,WAUDF78E38A408343,"€52146,98",Azerbaijan,Violet
XF,2009,3GYEK62N06G308005,"€21063,22",Israel,Turquoise
Sportage,2008,JH4CL96864C081059,"€32445,88",China,Teal
TrailBlazer,2008,SALSF2D43CA204170,"€43528,73",Zimbabwe,Aquamarine
Phantom,2007,1G6AH1RX2F0527214,"€26480,04",New Caledonia,Fuscia
599 GTB Fiorano,2007,2G4WS52J351163952,"€26586,28",Philippines,Green
LX,2004,1GD02XEG9FZ426939,"€25174,07",Czech Republic,Crimson
Wrangler,1992,1GKS1EEF1BR090553,"€46216,22",Russia,Yellow
Cougar,2001,1G6DU6EV5A0395925,"€35948,98",Peru,Aquamarine
Spectra,2005,WBABW33485P064581,"€10545,58",Nigeria,Indigo
Lucerne,2011,WAUDGBFL8CA903051,"€22323,31",Sweden,Crimson
M6,2009,1N6AA0CA8CN625191,"€29068,90",Mali,Pink
Jetta,1997,SCBLE37G26C836244,"€27824,23",Portugal,Teal
GTI,2000,YV1672MK7D2156246,"€26229,67",China,Red
Grand Marquis,2002,WAULF78K49A081132,"€40670,35",Pakistan,Green
Spectra,2009,1G6DM57N940974945,"€27573,85",Russia,Mauv
Navigator,2012,SCFAD02A77G065154,"€49816,09",China,Green
G-Series G30,1992,JHMZE2H58DS220581,"€32233,26",Mongolia,Green
Sierra Hybrid,2006,WVGEF9BP2DD460838,"€33819,91",Ukraine,Red
Charger,1969,WBA3B9C5XEJ856570,"€50741,83",China,Yellow
DeVille,2005,5UXFG8C56CL371970,"€9840,05",Indonesia,Puce
C-Class,2005,1G4HE5EM3AU181310,"€52665,70",China,Red
Achieva,1995,WAUAC68D31A466035,"€17874,58",China,Blue
Suburban,2008,WBA3B5G58EN102000,"€46368,98",Philippines,Fuscia
Elantra,1996,1G6DL5ED3B0711389,"€45404,89",Philippines,Puce
Outback,2001,1FTEW1CM5CF175271,"€27664,96",China,Green
Sentra,2011,WUAGNAFG0BN607888,"€29045,37",Japan,Blue
Sunfire,1996,2G61L5S38F9010115,"€16853,95",China,Orange
i-Series,2007,4JGCB2FEXBA308002,"€11968,49",Peru,Aquamarine
Montero,1993,2HNYD182X2H083514,"€51890,27",Greece,Aquamarine
Town Car,2011,JTDKDTB32C1814798,"€10790,13",Philippines,Pink
Supra,1997,WAUSH78E27A928324,"€21040,54",Philippines,Maroon
Crossfire Roadster,2006,WAUWMAFC5EN263517,"€57948,43",Poland,Blue
Tacoma,2000,WAULD54B02N200938,"€9160,87",China,Mauv
Durango,2011,1D4PT5GK2AW431368,"€37568,96",Thailand,Fuscia
Avalanche,2008,WAUJC58EX5A635234,"€29132,97",Mexico,Aquamarine
Optima,2009,SCBFR7ZA0DC540265,"€30784,62",South Africa,Turquoise
Continental,1985,2G4WC582191503683,"€7226,14",Denmark,Fuscia
Econoline E250,1999,WAULC68EX5A679555,"€28003,91",China,Puce
Mustang,2011,4T1BK3DB4AU387318,"€49855,77",Russia,Violet
Continental Mark VII,1985,1GYUKCEF0AR176404,"€23597,51",China,Mauv
Suburban 1500,2008,1G6AA5RX6D0790203,"€38634,90",China,Green
XJ Series,2002,WAUUL78E78A002994,"€13773,13",China,Aquamarine
Sunfire,2000,3N1AB6AP2AL741240,"€40146,62",Indonesia,Blue
Pajero,1991,JH4DC44681S280852,"€19379,94",Venezuela,Crimson
Equinox,2011,1FTSW3B51AE875607,"€54115,47",Poland,Teal
Tracker,1995,19UUA65506A689872,"€15334,03",Iran,Maroon
Capri,1991,JH4CU2F67AC015604,"€29915,08",China,Violet
S-Class,2002,1G6DV1EP3D0808897,"€56499,76",Kyrgyzstan,Goldenrod
Pilot,2010,1G6DG577990115242,"€34529,08",China,Puce
Avalon,1999,WBAYP1C50ED066587,"€51507,51",China,Mauv
Sienna,2009,1N6BF0KL2FN298056,"€8718,95",South Korea,Pink
Sonic,2012,JH4CW2H58DC791517,"€34993,88",Nigeria,Orange
Firebird,1984,5TFBY5F15DX840075,"€23654,15",Rwanda,Blue
Lancer Evolution,2002,1G6AY5S37E0406921,"€54739,58",France,Mauv
APV,1992,SCBLC47J47C323277,"€57448,88",Sweden,Maroon
Charade,1992,2C3CCAJG6DH924082,"€57846,95",Czech Republic,Mauv
W201,1992,1GD01ZCG6EF380150,"€7231,67",China,Mauv
Impala,2007,2T1BU4EE1DC356445,"€17426,64",China,Violet
Yukon,1996,WBAPM7C5XAA887831,"€16857,30",Egypt,Orange
Phantom,2012,WAUCFAFH6EN131570,"€57321,31",Argentina,Red
FJ Cruiser,2007,1B3BD1FB7BN603885,"€20027,76",Indonesia,Red
Monterey,2006,JN8AF5MR3DT151822,"€10164,60",Poland,Indigo
Fusion,2011,SCFFDECN6CG404565,"€7115,66",China,Mauv
CL-Class,2000,WUATNAFG8EN068987,"€49588,30",Brazil,Turquoise
Escalade EXT,2002,1FMJK1F5XBE414117,"€25933,86",Iran,Orange
Colorado,2009,1B3CB9HA0BD258430,"€4317,02",Russia,Mauv
G37,2012,JTDBT4K37B4950821,"€45436,10",Brazil,Crimson
Passport,2001,1G6DW6ED6B0600042,"€8904,75",Philippines,Green
Savana 2500,1998,JN8AE2KP0C9235188,"€54942,07",Palestinian Territory,Blue
C-Class,2005,SAJWA4DB3DL145940,"€40368,61",Portugal,Red
A5,2009,WP1AE2A24CL308840,"€28907,41",Indonesia,Crimson
Sebring,1995,2G4GW5EV4B9858106,"€24370,44",Indonesia,Crimson
Q7,2007,2FMDK4JC0AB192265,"€57805,67",Canada,Orange
Sonata,2002,KM8JT3AF8EU837798,"€29520,55",Colombia,Indigo
V70,2001,WBA1F5C5XFV141335,"€55159,18",Indonesia,Teal
Tiburon,1999,WAUEH98EX8A536377,"€7672,54",Ethiopia,Puce
S40,2006,1ZVBP8AN4A5173289,"€26707,75",Indonesia,Fuscia
Neon,1996,WAUKF98EX8A961414,"€54876,89",Czech Republic,Mauv
Diamante,1996,4USBU53567L417529,"€49377,54",China,Fuscia
MDX,2001,1D7RE3GK4AS546538,"€31728,14",China,Puce
Accent,2006,1D4PU4GKXAW911732,"€41591,86",Colombia,Yellow
Pajero,2001,3N1CN7AP3EK203969,"€13576,33",China,Goldenrod
Stratus,1995,JN1CV6FE5AM364240,"€58400,03",China,Turquoise
C30,2013,JA32U1FU1DU303783,"€46530,80",Indonesia,Khaki
Dakota,1997,1FMCU4K30CK322154,"€58046,43",Indonesia,Khaki
XK Series,2013,1GD311CG1FF661417,"€36307,72",Poland,Khaki
Excel,1993,3GTU1YEJXDG580776,"€38179,11",Russia,Turquoise
Murciélago,2003,1FTWX3A53AE314017,"€58106,99",Poland,Purple
X-Type,2004,5UXKS4C58E0643963,"€22876,22",Cuba,Crimson
M3,1995,1G4HD57238U161972,"€50332,34",Indonesia,Maroon
Forenza,2008,WDDEJ7KB3DA934587,"€53650,27",Indonesia,Blue
S-Class,1989,3GYFNCE33FS145089,"€41748,06",China,Indigo
9-5,2011,WBAAW33441E848872,"€28145,76",Portugal,Red
Sequoia,2006,3GYFNDEY7AS043773,"€18491,99",China,Crimson
Club Wagon,1994,1G6DC67A680295436,"€55036,16",Greece,Khaki
Camaro,1967,WBAKG1C59CE603437,"€56809,36",Peru,Red
RL,2003,5FNYF3H27FB759196,"€30566,80",Croatia,Turquoise
SL-Class,1991,5TDDK3DC0FS684099,"€56474,65",China,Goldenrod
9-7X,2008,4T1BF3EKXBU194031,"€18818,88",Philippines,Green
Corvette,1975,JM1NC2LF0C0947455,"€50625,02",Mexico,Teal
Miata MX-5,1999,JN8AZ1MUXEW057022,"€17955,52",Peru,Orange
Ram Wagon B350,1992,WA1DGBFE7DD456159,"€38115,64",Indonesia,Maroon
V70,2010,5NPDH4AE0BH795634,"€40043,82",China,Crimson
Mustang,1965,WBAYF4C55ED528386,"€4161,08",Poland,Yellow
Colorado,2004,1GYS4HEF1CR101289,"€41123,08",China,Green
9-3,2000,JN1CV6EK1CM529565,"€28911,51",China,Violet
XC70,2005,1FBNE3BLXED486706,"€17353,75",Indonesia,Pink
Starion,1984,WAUMFAFL4AA827614,"€35427,93",United States,Crimson
Express 3500,2003,WAU3VAFR6BA509112,"€32542,64",China,Puce
Pajero,1986,WBAPT73518C821072,"€30326,59",Indonesia,Teal
Brooklands,2010,2C3CCAEG8EH392250,"€7016,22",China,Pink
Ram 1500,1999,WAUJT64B44N513638,"€9366,47",Armenia,Maroon
SL-Class,1988,SAJWA1CZ5E8178018,"€29676,19",South Korea,Fuscia
Frontier,2006,WBAKF3C53CJ223127,"€38542,62",Philippines,Blue
Corvette,1996,WAUFFBFL9BN385423,"€52255,93",Peru,Crimson
Carrera GT,2005,WBAVB735X8F950386,"€54708,45",Portugal,Green
LX,2006,1N4AL2AP2CC305558,"€47088,63",Japan,Crimson
C70,2000,1GD220CG9CZ797372,"€13631,63",Iceland,Fuscia
88,1994,1N6AA0CA0CN590095,"€41465,53",Czech Republic,Khaki
F150,1996,KL4CJDSB0DB283729,"€15699,90",China,Green
Corvette,2002,2C3CCARGXDH113860,"€5645,68",Portugal,Crimson
Vision,1995,JA32X2HUXBU770160,"€10230,18",Kyrgyzstan,Puce
Econoline E350,1995,WBA5B1C53FD628565,"€4655,50",Norway,Teal
Avalon,2004,WAUAFAFL9EN408658,"€54988,11",China,Orange
Century,2005,KMHFC4DD9AA722533,"€44981,90",Portugal,Aquamarine
MX-5,2012,5XXGM4A72CG166075,"€38597,45",Nigeria,Puce
Odyssey,2008,WBAYG0C5XDD962369,"€48913,62",Peru,Blue
GLI,2008,WBSWD9C5XAP483623,"€54679,26",Japan,Crimson
Ram 3500 Club,1996,YV1672MC3AJ156481,"€58995,41",China,Indigo
Evora,2010,1G6DM577380512839,"€28176,65",Czech Republic,Yellow
Vitara,2002,JN8AF5MR2CT317505,"€44536,37",Sweden,Pink
Taurus X,2009,1VWAH7A37DC800956,"€23973,03",Lesotho,Red
Avalon,2006,1GYUKCEF2AR483119,"€15550,26",Portugal,Crimson
Challenger,2004,5UXZV4C50DL263874,"€20093,28",Thailand,Crimson
Commander,2008,WAUVFAFR1BA118519,"€54455,33",Germany,Aquamarine
Talon,1991,2LMDJ6JK3BB308122,"€32856,71",Philippines,Green
FJ Cruiser,2007,2HNYD18632H895630,"€5214,60",China,Aquamarine
Ram 3500,2008,SAJWA4DC5FM418866,"€58136,32",Ukraine,Goldenrod
Escalade ESV,2010,2C3CDZBT8FH984701,"€25410,53",China,Indigo
Explorer,1992,JH4CL96867C458316,"€39182,30",Indonesia,Fuscia
Caliber,2007,WAUGF78KX9A830744,"€22995,16",Chile,Teal
Ram Wagon B350,1994,WAUKH74F87N513029,"€7819,59",Czech Republic,Red
Mariner,2006,WBADX7C57DJ190602,"€52982,77",Indonesia,Crimson
Integra,1999,WBAVB335X6A890399,"€20326,57",Albania,Violet
Highlander,2004,WAUFGBFB5BN452734,"€54706,69",South Africa,Aquamarine
M3,1997,1FMNE1BWXAD703882,"€8701,38",New Zealand,Turquoise
Cutlass Supreme,1995,1G4HR57Y87U570859,"€37374,87",France,Orange
Highlander,2012,WBAKE5C58CJ457049,"€13433,01",China,Violet
1 Series,2012,SAJWA4DC2EM074430,"€5734,36",Indonesia,Yellow
Sunbird,1993,1G6DF8E58C0072669,"€36430,67",France,Violet
M-Class,2009,WP0CA2A82DS500441,"€12716,12",Sweden,Teal
Vandura G3500,1996,3D4PH3FG3BT756539,"€27014,40",Vietnam,Red
Cressida,1992,5TFBW5F1XDX384256,"€57532,57",Russia,Red
F-Series,1985,WBAGK934X1D444148,"€58387,81",Canada,Turquoise
Type 2,1985,1G4PP5SKXF4361416,"€51238,24",Botswana,Goldenrod
A8,2009,YV4902DZ8D2602647,"€50075,78",Canada,Puce
Thunderbird,1967,1G6DS5EV4A0439266,"€28782,09",China,Indigo
Gallardo,2003,2HNYD18614H293540,"€39150,21",Indonesia,Yellow
Colorado,2004,1GD12ZCG1BF319012,"€58853,56",Philippines,Pink
Cougar,1985,4JGCB2FE8CA799641,"€18806,79",Brazil,Yellow
ES,1993,1G6DV57V290093931,"€7633,94",Cyprus,Red
S5,2008,WP0AA2A90AS847326,"€9383,29",South Africa,Mauv
Cherokee,1998,3D7TT2CT1AG175057,"€15928,90",Pakistan,Red
H1,1999,5NPDH4AE9EH622182,"€52720,58",Argentina,Purple
Town & Country,2000,3VWKZ8AJ6BM735647,"€17538,79",Finland,Orange
Eldorado,2001,JHMZF1C41BS783037,"€18610,21",China,Maroon
Echo,2003,WBADT43441G248336,"€29115,90",Indonesia,Goldenrod
Vega,1971,2C4RDGBG0FR792230,"€16329,28",Afghanistan,Aquamarine
Mountaineer,2000,WBABD334X6J457234,"€44011,76",Iran,Aquamarine
XC60,2009,1HGCP2E7XAA859541,"€30318,85",Serbia,Red
Sportvan G20,1994,WAUGN74F89N583776,"€46658,20",Indonesia,Pink
Viper,2009,WAULC68EX5A915749,"€48684,46",Iraq,Crimson
Maxima,1995,WVGAV7AXXCW809545,"€34908,65",Bosnia and Herzegovina,Yellow
GT500,1968,1G6YX36D895021031,"€41409,53",Vietnam,Blue
Yukon,1993,JTEBU4BF5DK011488,"€39694,72",Philippines,Blue
Insight,2001,3D73M3HL2AG906106,"€51650,35",Ukraine,Yellow
MDX,2005,3N1AB7AP7FY552387,"€17785,29",United Kingdom,Teal
Quattro,1994,1FTEW1E88AF439953,"€14774,12",United States,Crimson
TL,2003,KNAGG4A89A5305519,"€26654,92",New Zealand,Teal
Spider,1993,WBAEW53483P092130,"€40148,08",Bosnia and Herzegovina,Teal
Taurus,1990,1FMCU0F79DU081559,"€58456,42",Philippines,Puce
Savana 3500,2004,WBXPA93415W213156,"€22983,96",Malaysia,Crimson
G8,2009,1G6DM5EV9A0472130,"€8586,68",Greece,Maroon
Lancer,2004,VNKKTUD33FA801785,"€55170,17",Indonesia,Orange
Tahoe,2009,1FMCU0F74FU150788,"€15261,04",Honduras,Maroon
XL-7,2002,1GD11ZCG4CF893155,"€43048,41",Canada,Violet
Malibu,2013,1GYFK63898R898382,"€16426,69",China,Turquoise
Range Rover Classic,1993,WA1DMAFP2EA614642,"€40844,27",Azerbaijan,Red
Corvette,2012,WA1CGAFE4FD858388,"€46913,98",Philippines,Aquamarine
4Runner,1998,KMHFC4DD4AA256557,"€46603,25",France,Green
Viper,2002,ZFBCFADH6EZ549693,"€52325,46",Germany,Fuscia
Allroad,2004,JM1NC2EF6A0127357,"€22994,08",Russia,Maroon
E250,2006,JH4CU2F68CC331029,"€24930,89",Indonesia,Violet
F350,2011,WAUFFBFL9CN217833,"€35020,38",Russia,Aquamarine
Bronco II,1988,1N4AA5AP2AC836599,"€36541,73",Brazil,Blue
Elantra,2010,1G6DN57S440594897,"€53989,25",China,Khaki
S40,2007,WDDHF0EB0EB973361,"€40535,05",Indonesia,Maroon
Santa Fe,2012,WAUMV94EX9N592145,"€29068,04",China,Fuscia
GS,1994,WBAYA8C52DC843169,"€57523,24",Vietnam,Indigo
Silverado,1999,KNAFK4A67F5918433,"€45590,25",China,Green
RAV4,2004,2G4WN58C681811546,"€38643,36",Nicaragua,Maroon
Sprinter 2500,2012,WAULC68E32A483839,"€22308,68",Sweden,Mauv
Samurai,1994,JM1BL1K58B1955480,"€56865,83",El Salvador,Yellow
Monaro,2004,WAUEH48H67K963352,"€45719,54",China,Aquamarine
Legend,1992,WAUGFAFR6CA933051,"€57007,57",Russia,Aquamarine
E-Series,2010,WBSDX9C57CE746406,"€35663,50",Tunisia,Pink
Town & Country,1992,WDDPK4HA5FF236331,"€24651,74",Sweden,Khaki
Express 1500,1998,1G6D25EY9B0401074,"€32243,46",Vietnam,Pink
Marauder,2003,WAUPFAFMXAA882672,"€12268,78",Indonesia,Orange
Pajero,2004,WUARU98E27N604245,"€26429,27",China,Khaki
Ranger,1998,1YVHZ8BH9B5320847,"€56580,77",Thailand,Maroon
Integra,2000,1G4HR57Y37U958503,"€54478,94",Poland,Fuscia
Celica,1992,JTEBU4BF6EK412484,"€20030,90",China,Aquamarine
Swift,2005,WBAPK7C51BF285975,"€28347,62",Sweden,Indigo
Grand Am,2003,WP0AB2A85CS509430,"€35341,05",Czech Republic,Yellow
E150,2012,5N1BA0NC6FN186773,"€56479,63",Philippines,Teal
Swift,1992,5N1AR2MM7DC663956,"€48099,99",Colombia,Green
A6,2000,2C4RDGBG6FR331971,"€20105,83",China,Red
Malibu,2011,WA1VKAFP6AA523362,"€20472,79",Philippines,Indigo
Tracker,2003,4T1BF1FK4EU679756,"€31907,56",United States,Mauv
Yukon XL 2500,2011,KMHFH4JG5FA848329,"€24758,07",Brazil,Mauv
F-Series,1987,WAUCVAFRXCA680110,"€15333,15",Australia,Blue
IS F,2008,JN1AZ4EH4AM278607,"€20259,98",Sweden,Puce
Jetta,1988,SCBLC47J08C976710,"€38369,64",Ukraine,Teal
Grand Am,1995,1GD02ZCG3CZ502083,"€54636,85",Portugal,Mauv
GTO,2004,WP1AA2A25EL637805,"€20274,92",China,Teal
Xtra,1995,KMHDB8AE6CU742769,"€43140,13",China,Yellow
SLS-Class,2012,WAUGFAFR4AA728258,"€56935,02",Nigeria,Green
LeMans,1992,3VW8S7AT5FM742251,"€17109,53",Norway,Yellow
Continental GTC,2010,KMHTC6AD7CU248022,"€44030,87",Japan,Purple
CLK-Class,2004,WBAYG0C51DD122948,"€18526,11",Ireland,Mauv
MX-5,1997,1N6AF0LY6FN538909,"€21644,11",Spain,Violet
SC,2008,2T1BURHE9EC509681,"€41906,85",France,Red
3 Series,2002,5N1AN0NW2FN533431,"€15341,60",Yemen,Puce
Commander,2010,3C63DPML6CG989153,"€37491,68",Bulgaria,Maroon
New Beetle,2004,1G6DS8E36D0336810,"€23947,45",China,Crimson
Diablo,1995,1G4CU541554497933,"€57428,25",United States,Mauv
Golf,1994,1D7RV1CT0BS443119,"€55228,40",Russia,Violet
Esteem,1997,4T1BF3EK3BU653951,"€39264,99",United States,Turquoise
Sierra 1500,2004,5N1AZ2MH1FN001655,"€57254,24",Philippines,Blue
Endeavor,2004,WAUKGBFBXBN747388,"€18021,11",Denmark,Aquamarine
X-90,1996,ZFF60FCA1A0193506,"€17869,29",China,Teal
SL-Class,1995,3N1AB6AP9AL339411,"€4217,54",Russia,Turquoise
Grand Marquis,1990,1G6AM5SX7E0420977,"€36715,86",China,Crimson
Camaro,1993,1G6AB5R32D0134428,"€10735,39",Brazil,Puce
Silverado 3500,2001,KNAFU5A20B5848829,"€7851,81",Indonesia,Yellow
Grand Caravan,2000,3VW467AT9DM738980,"€53641,35",Philippines,Green
Rio,2012,WBA4B1C52FG902588,"€20709,66",Indonesia,Crimson
Ram 2500 Club,1999,1FTMF1E84AK612645,"€17104,26",Mongolia,Fuscia
Escalade ESV,2003,WVGAV3AX6EW951614,"€49732,11",Poland,Yellow
914,1970,1G4GD5GD3BF074632,"€10904,84",Peru,Violet
Paseo,1995,1FTSW3B58AE308598,"€29209,18",Czech Republic,Violet
Century,2005,WBAYP9C53ED960131,"€34098,92",China,Mauv
5 Series,1993,SALAB2V62EA731885,"€5872,08",Portugal,Crimson
Grand Prix,1963,2CTALBEW2A6625601,"€10379,91",Poland,Yellow
Fit,2008,WAUMF78P06A050522,"€29446,65",Greece,Khaki
LS,2003,3GTU1YEJ7DG579360,"€36770,19",China,Violet
Sidekick,1993,SCFAD02A76G676042,"€44102,35",Vietnam,Blue
MDX,2004,WAUDG68E25A814827,"€9333,08",United States,Khaki
Suburban 1500,2005,JH4CW2H66EC492957,"€4520,06",Indonesia,Purple
CLS-Class,2012,JTHBK1EGXC2406082,"€11924,89",Poland,Red
APV,1993,JN1AZ4EH2FM870451,"€23516,80",Malaysia,Blue
2500,1998,JTEBU4BF0EK117381,"€10493,03",Thailand,Turquoise
H3,2008,JN8AZ1FY9DW631141,"€52165,61",Sweden,Pink
9-5,2006,1D4PT4GX5BW101084,"€4886,99",Bulgaria,Indigo
Solara,2003,137ZA84321E635669,"€58713,37",China,Yellow
Venza,2012,WAUVT64B44N134513,"€9220,28",Portugal,Mauv
A6,1997,WVGAV7AX0BW156125,"€51736,23",Philippines,Khaki
Baja,2004,WAUGL68E25A135486,"€28568,46",Malaysia,Yellow
4000s,1986,WAUVC58E35A073825,"€42538,67",China,Puce
Avalanche,2009,3GYT4NEF3CG261340,"€36876,62",China,Orange
1500,1996,WDDHF0EB7EB849247,"€58073,38",Brazil,Crimson
Titan,2004,19VDE1F36FE518603,"€55167,93",Russia,Orange
GLK-Class,2012,2T1BU4EE5DC119313,"€8897,50",China,Maroon
Express,2010,KMHDB8AE7CU604738,"€53151,27",Poland,Pink
A5,2012,KNADH5A31A6866592,"€37900,82",Argentina,Maroon
Accent,2006,1GYS4CKJ6FR188297,"€9271,68",China,Indigo
Gallardo,2005,2T3BFREV8EW874051,"€50909,63",Indonesia,Yellow
CR-V,2012,1B3CB1HA8BD048773,"€36552,30",Indonesia,Goldenrod
Windstar,2003,WAUTFAFH4AN114499,"€22089,87",Canada,Crimson
Villager,1997,WAUCF78K49N777000,"€12084,74",Albania,Purple
Aerostar,1988,1G4HR54K144859514,"€41512,02",Yemen,Maroon
Precis,1993,2GKALMEK2C6866991,"€30510,45",Indonesia,Indigo
S10,1997,KNADM4A30D6760080,"€59510,36",Macedonia,Violet
Tucson,2009,19UYA42613A869313,"€50566,83",Panama,Green
S10,2004,1ZVBP8AM1C5620509,"€11060,58",Ireland,Khaki
Bronco,1993,WAUXD68D51A163491,"€38066,57",Panama,Goldenrod
E-Class,1996,WBA3D3C52EF192842,"€42641,76",China,Red
Uplander,2007,WAUDG74F75N964235,"€29421,34",Russia,Puce
S-Class,1991,5N1AN0NW3EN109304,"€23203,67",Honduras,Goldenrod
G6,2007,3GYFNCE33ES065502,"€33785,45",China,Orange
4000CS Quattro,1987,1GYUCDEF3AR684336,"€5411,00",Austria,Teal
T100,1998,2T1BU4EE2DC016480,"€59964,59",France,Pink
Xtra,1993,WAUAFAFL0AA248509,"€56095,70",Portugal,Turquoise
Diamante,2001,5N1AA0NC3EN523054,"€32445,40",Portugal,Goldenrod
EXP,1987,WAUKGAFB9AN305646,"€36817,52",Sweden,Khaki
RAV4,2008,1G6DL1E37D0014780,"€57401,06",Thailand,Red
SVX,1994,WDBSK7AA6CF641334,"€50313,94",Central African Republic,Puce
Sable,1996,WAURFAFR8EA453217,"€9392,16",Palestinian Territory,Turquoise
Equus,2013,JH4CU2E88EC449121,"€53376,03",Somalia,Turquoise
TL,1999,WAUHFAFL6CN493115,"€27036,47",Indonesia,Turquoise
Sonata,2006,JH4KB16687C740391,"€33772,34",Pakistan,Blue
Taurus,2010,3VWF17AT1FM223885,"€45480,50",Russia,Red
Charger,2011,5TFBY5F19AX033585,"€50544,84",Philippines,Purple
MDX,2012,KNADM4A38C6460835,"€8113,96",Philippines,Indigo
Cooper Countryman,2011,JTDBT4K38B4570919,"€43673,10",Bolivia,Yellow
SLX,1998,JM1CW2BL3E0583069,"€5933,73",France,Turquoise
VUE,2002,WBAYA6C56FG272057,"€44200,29",China,Orange
Century,1993,JHMZE2H38BS588304,"€56474,44",Namibia,Goldenrod
Altima,2009,4T3BA3BB0CU045901,"€40420,34",China,Teal
SSR,2005,WBAUP7C55CV770387,"€33441,03",France,Orange
Cayman,2012,1HGCP2E79AA408567,"€42561,04",Portugal,Teal
Passport,1995,3MZBM1K72EM698352,"€31059,84",Brazil,Blue
928,1991,SCFAD01A86G116547,"€18633,91",China,Blue
STS-V,2008,SALAK2V65FA980179,"€34017,56",Russia,Maroon
Protege,1998,2T1BURHE0EC289489,"€46885,49",Indonesia,Puce
Dakota,1998,3N1CN7AP0EL835130,"€28516,42",Russia,Goldenrod
Caravan,2011,1G4HB5EMXAU128662,"€28437,79",Belgium,Red
Town & Country,2002,2G4GR5EK2C9409750,"€58404,01",Indonesia,Indigo
Ram Van 1500,2002,KMHHU6KJ8FU903056,"€53841,79",Mexico,Maroon
Esperante,2006,JH4KB16637C433873,"€56258,54",Germany,Goldenrod
Jimmy,1999,5TFBW5F19CX725354,"€5665,91",Bulgaria,Violet
Xterra,2009,5N1BA0NE0FN137442,"€46701,66",France,Aquamarine
Suburban 1500,2006,1G6AM5S39D0858069,"€25686,30",Colombia,Violet
Sierra 1500,2003,WAUSFAFL0CA962499,"€9840,95",China,Indigo
M-Class,2005,WBAUP7C52AV872775,"€52258,81",China,Turquoise
228,1989,1G6AT5SX3E0081041,"€6872,68",Poland,Blue
Raider,2009,5TDDK3DC7ES522551,"€44567,25",Thailand,Crimson
Aerostar,1996,WAUFFAFM3CA449807,"€33498,48",Philippines,Orange
RX-8,2004,JH4DC54832C510624,"€37419,85",Philippines,Blue
9-2X,2006,2B3CJ5DT7AH291302,"€36246,49",China,Violet
57,2009,1G6AB5R3XE0696059,"€19345,99",Venezuela,Maroon
GTI,2004,1G6DC8EY3B0916764,"€10499,37",Canada,Mauv
944,1983,5TDBM5G19BS235683,"€19425,16",Colombia,Puce
Regal,2003,1G4HP54K51U637639,"€19318,85",Israel,Green
2CV,1948,1N4AL2AP6CN489777,"€49750,95",Slovenia,Blue
FJ Cruiser,2007,4USBT53453L665887,"€6075,26",Nigeria,Purple
Celica,2003,WBAHN03577D670950,"€58173,13",United States,Orange
Mentor,1997,WAULT58E25A261050,"€44200,04",Japan,Maroon
Blazer,1994,1N6AA0ECXFN514628,"€53125,94",Peru,Turquoise
ES,2001,WBAYE4C55FD644711,"€42939,45",Palestinian Territory,Khaki
SC,1992,WBAGJ03451D487469,"€42936,78",France,Teal
NSX,1998,3C6TD4KT1CG199051,"€11663,76",China,Orange
90,1988,KNALW4D48F6957527,"€49867,51",Mozambique,Purple
5 Series,1994,WAUFFBFL5AN507886,"€21582,85",Indonesia,Violet
CLK-Class,2003,JHMFA3F25AS229232,"€14065,54",Russia,Violet
IS F,2011,JN8AS1MU6AM394510,"€25601,85",Philippines,Pink
F350,1992,SALFR2BG7DH081424,"€19157,66",Finland,Fuscia
Cruze,2013,KMHTC6AD1FU466574,"€39505,25",Philippines,Maroon
100,1994,WAUGN74F77N663373,"€56571,01",Venezuela,Violet
Impala,2011,JN8AZ2KR2CT712518,"€31528,44",Greece,Blue
Jetta,2003,5XYZT3LB3EG779327,"€18128,78",Indonesia,Puce
C70,2012,JH4NA21691T412093,"€31905,20",France,Violet
Highlander,2008,1G4HG5EM7AU504204,"€40986,69",China,Turquoise
Passport,1998,WBANA73594B966759,"€57051,12",Iran,Puce
VehiCROSS,1999,WAUEKAFB7BN452299,"€57579,78",Ukraine,Blue
Celica,1998,SAJWA4DCXDM497688,"€49027,64",Brazil,Orange
928,1988,2C3CCAST1CH477946,"€28934,76",Argentina,Violet
S10,1994,5J6TF1H58FL793258,"€6390,96",China,Purple
Caravan,2007,2G4G15GVXB9548361,"€24700,84",Greece,Mauv
S-Class,2002,YV126MFCXF2133680,"€36252,04",Thailand,Goldenrod
300,2012,1N6AA0EC4EN254421,"€11547,94",China,Teal
CX-7,2007,1G4GB5EGXAF446338,"€43745,98",China,Orange
LeSabre,2001,3VW1K7AJ1FM541981,"€33315,23",Indonesia,Goldenrod
A6,2000,SCFAB01A57G059599,"€46262,63",Mexico,Mauv
545,2004,WBAEU33494P096389,"€5523,16",Ukraine,Maroon
Frontier,2005,5N1AA0NE7EN548377,"€22380,50",Russia,Crimson
I,1997,WBSBR93461E694823,"€8613,67",Russia,Crimson
Armada,2007,WVGAV3AX7EW779061,"€39559,56",Philippines,Green
SL-Class,2003,3VWML7AJ0CM887932,"€53510,93",Japan,Fuscia
GX,2004,WBAVB73508V231203,"€49572,65",Brazil,Orange
944,1987,2HNYD28878H415847,"€37842,88",South Africa,Fuscia
Mazda3,2010,WP0CA2A84FS087022,"€59955,47",Nigeria,Khaki
F250,2002,3C3CFFAR6FT841557,"€56695,10",China,Maroon
Talon,1997,KNADH4A33B6843990,"€43740,68",France,Indigo
XLR,2004,2HNYD18245H663104,"€46883,02",Indonesia,Green
Roadster,2012,1GKS1GKC5FR904215,"€15174,62",Indonesia,Violet
3500,1993,WAUEL94FX5N613914,"€43673,99",Nigeria,Orange
Quest,1999,WDDGF4HB8EG585389,"€4851,94",Uganda,Orange
LaCrosse,2009,1FMEU3BE4AU234214,"€10854,76",Greece,Teal
Wrangler,2005,3GYFNBE39FS886034,"€20530,13",United States,Maroon
Eldorado,1993,WA1YD54B13N276804,"€34504,14",Colombia,Blue
Protege5,2002,3C63DRAL7CG585987,"€50823,54",Japan,Yellow
DB9,2006,WBAPH57549N659881,"€48340,25",Thailand,Violet
LR2,2008,JN1AZ4EHXFM021927,"€27243,30",Philippines,Pink
Continental,1988,WAUDT74F65N097163,"€25412,97",Indonesia,Blue
Previa,1993,JTJBM7FX2D5206856,"€41697,57",Portugal,Blue
Typ-1,2009,WVGFG9BP8BD822783,"€58350,89",Philippines,Purple
Tundra,2009,WAUGL78E28A507239,"€36182,67",France,Green
Stylus,1993,5GADX23L55D842686,"€54320,12",Russia,Pink
Mirage,1992,WDDGF4HB2CA596713,"€48342,18",Indonesia,Mauv
Cirrus,1996,SCFEFBBC2AG476073,"€34040,92",China,Crimson
Crown Victoria,1995,1YVHZ8BH0A5684931,"€22721,60",Sierra Leone,Violet
Cherokee,2001,5UXFF03559L056185,"€31578,53",Philippines,Red
Spectra,2002,WA1VYAFE5AD407632,"€20103,44",Colombia,Fuscia
TT,2003,3MZBM1K74EM373136,"€42553,40",China,Purple
Viper,1993,1G6DM1E35C0764271,"€17253,66",Philippines,Green
Corvette,1999,5J6TF1H50EL355882,"€23987,63",China,Crimson
Yukon XL 2500,2012,5GAER13D39J893452,"€27994,43",China,Khaki
CL-Class,2012,1GD120EG8BF155234,"€55644,21",Philippines,Blue
Dakota Club,1993,JN1CV6FE1FM785492,"€13354,60",Indonesia,Puce
Ram 2500,2004,1G6AT5SX3E0633931,"€14088,78",Greece,Fuscia
Cooper,2004,WBADN63412G994329,"€43808,97",Russia,Mauv
Range Rover,1994,5TFBW5F1XBX601267,"€18488,61",China,Khaki
S6,2008,3LN6L2G91FR956321,"€13206,80",China,Blue
Corvette,1994,4USCN33492L101323,"€7226,74",Philippines,Pink
H3,2010,WAUUL78E07A373493,"€6818,30",Indonesia,Blue
Fiesta,2001,WAUDF78E78A489251,"€22998,31",Canada,Khaki
Bravada,2000,3C6TD5KT6CG629162,"€33565,62",China,Yellow
5000S,1986,3C3CFFBR4FT320416,"€6385,59",United Kingdom,Turquoise
Cabriolet,1994,WAUUL98E58A625168,"€29426,86",Greece,Crimson
750,2006,KL4CJFSB4FB120175,"€35237,36",Yemen,Maroon
Mazda5,2009,WBXPA73484W189022,"€40322,24",China,Indigo
Sprinter 2500,2012,1G6AJ5S3XF0627323,"€36199,27",Iran,Yellow
3 Series,1994,2G61V5S86E9025233,"€33701,20",China,Yellow
Silhouette,1995,KNDPB3A20D7347691,"€26756,74",China,Orange
Tacoma Xtra,2003,1HGCR2F34FA717571,"€11505,19",China,Red
Vigor,1994,1C3CCBBB8CN103032,"€44079,83",Russia,Goldenrod
MKZ,2010,WP0AB2A90FS232392,"€6581,86",Peru,Pink
Sonata,2000,JM1CW2BL5D0466690,"€32364,16",Sweden,Aquamarine
Suburban 2500,2000,KNDJT2A12B7719663,"€52237,32",Portugal,Green
Chariot,1993,KNAFU5A26D5577309,"€46954,70",China,Purple
Ram 1500 Club,1995,1FTWW3DY6AE008101,"€39067,51",Thailand,Khaki
Colt Vista,1994,1C4RDJEG0DC944070,"€57614,49",Portugal,Fuscia
Eclipse,1990,1N6AF0KY3EN897859,"€17450,46",China,Indigo
Express 3500,2002,WAUMGBFLXDA294692,"€19512,98",China,Puce
Sierra 1500,2011,WAUDC68D01A541268,"€51820,51",China,Aquamarine
1500 Club Coupe,1999,1J4NF1FB5AD350702,"€35970,10",Ukraine,Puce
Grand Vitara,1999,JN8AF5MR0BT142167,"€18969,18",Peru,Puce
Cherokee,1996,WUARL48HX9K900974,"€30797,62",China,Red
Stealth,1995,5BZBF0AAXEN946101,"€52112,19",United States,Maroon
Envoy,2009,1GYS3EEJ4CR611125,"€5663,34",United States,Blue
Jetta,1992,4T1BF1FK4CU861969,"€13556,06",Czech Republic,Purple
Maxima,2011,JN1AZ4EH9AM507010,"€31931,11",Ethiopia,Pink
E150,2011,JTHFE2C22C2290334,"€8781,39",Iran,Blue
Corvette,2005,WDDHF7GB3FB566884,"€9474,36",Bulgaria,Teal
Previa,1992,WDDEJ7GB9AA274138,"€6630,18",Argentina,Mauv
E-Series,2007,WBAUT9C53AA737772,"€31210,09",Guatemala,Blue
Sedona,2012,2HNYD182X3H186496,"€43170,41",Philippines,Orange
Range Rover,2000,WDDGF4HB2CA284973,"€39453,21",China,Turquoise
Ram 3500,2009,1G6AT5SX4E0032964,"€51519,82",Democratic Republic of the Congo,Purple
Eclipse,1997,WAUDT94F55N869552,"€56613,87",China,Fuscia
Quest,2006,WBA4C9C58FG536518,"€12107,91",Sweden,Goldenrod
Colorado,2005,WAUVFAFH7CN190679,"€46763,90",Indonesia,Aquamarine
Impreza,2005,WAU4FAFL3BA934414,"€9665,76",Czech Republic,Violet
Park Avenue,1998,JTDJTUD37DD362607,"€41718,95",Poland,Violet
Diamante,1997,WVWAN7ANXEE373971,"€10732,86",China,Pink
Tacoma Xtra,2000,WAUBNAFB7AN092704,"€55277,28",China,Crimson
Mustang,2006,WAUKD78P56A990599,"€18070,07",Russia,Aquamarine
Transit Connect,2011,WAUHF98PX7A493145,"€43742,92",Gambia,Goldenrod
Optima,2010,3D7TT2HT1BG895811,"€49089,58",Papua New Guinea,Teal
Grand Am,2004,1G6AB5RX3F0724966,"€27905,41",Russia,Purple
Avalon,2006,SALVP2BG2FH364107,"€27151,40",Brazil,Fuscia
TL,2006,WAUUL98E87A931859,"€47792,19",Indonesia,Turquoise
Jetta,2012,1FTSX2B52AE201117,"€40828,73",Mongolia,Red
Amanti,2006,JTHBK1GG1D2844892,"€17368,90",Indonesia,Pink
Navigator L,2007,1G6DE8EG1A0775967,"€12777,54",China,Turquoise
Mark LT,2007,5N1AA0NC7BN214196,"€41785,44",Sweden,Orange
Riviera,1992,WAUKD78P37A981630,"€41406,69",Paraguay,Khaki
E-Series,1963,WBALM7C52EJ369846,"€21628,45",China,Red
Boxster,2006,JTDKN3DU3B0190341,"€41328,63",Indonesia,Indigo
Matrix,2012,TRUDD38J181168875,"€21923,48",Georgia,Red
